load_zone,tech,connection_dist
AZ_APS_E,bio_atr_ccs,2767.168979027539
AZ_APS_E,bio_smr,2952.0369060232406
AZ_APS_E,bio_smr_ccs,2767.168979027539
AZ_APS_E,biomass_gas,1342.280448980547
AZ_APS_E,coal_gas,3441.407305771367
AZ_APS_E,coal_gas_ccs,4309.2407072853475
AZ_APS_E,gas_atr_ccs,5872.555141431752
AZ_APS_E,gas_smr,5872.555141431752
AZ_APS_E,gas_smr_ccs,5872.555141431752
AZ_APS_N,bio_atr_ccs,3518.0143871382975
AZ_APS_N,bio_smr,3339.260097946298
AZ_APS_N,bio_smr_ccs,3518.0143871382975
AZ_APS_N,biomass_gas,
AZ_APS_N,coal_gas,5389.089554105634
AZ_APS_N,coal_gas_ccs,5388.486196801438
AZ_APS_N,gas_atr_ccs,7254.140499709444
AZ_APS_N,gas_smr,7254.140499709444
AZ_APS_N,gas_smr_ccs,7254.140499709444
AZ_APS_SW,bio_atr_ccs,2201.9076283583995
AZ_APS_SW,bio_smr,2203.987699711925
AZ_APS_SW,bio_smr_ccs,2201.9076283583995
AZ_APS_SW,biomass_gas,
AZ_APS_SW,coal_gas,2888.1493986117775
AZ_APS_SW,coal_gas_ccs,2280.813102721107
AZ_APS_SW,gas_atr_ccs,4140.331923493831
AZ_APS_SW,gas_smr,4140.331923493831
AZ_APS_SW,gas_smr_ccs,4140.331923493831
AZ_NM_N,bio_atr_ccs,2830.1149301542623
AZ_NM_N,bio_smr,2830.1149301542623
AZ_NM_N,bio_smr_ccs,2830.1149301542623
AZ_NM_N,biomass_gas,
AZ_NM_N,coal_gas,3101.6861617660397
AZ_NM_N,coal_gas_ccs,3100.292526691585
AZ_NM_N,gas_atr_ccs,4444.718200131227
AZ_NM_N,gas_smr,4444.718200131227
AZ_NM_N,gas_smr_ccs,4444.718200131227
AZ_NW,bio_atr_ccs,3497.575738510206
AZ_NW,bio_smr,3497.575738510206
AZ_NW,bio_smr_ccs,3497.575738510206
AZ_NW,biomass_gas,
AZ_NW,coal_gas,3522.7429041956834
AZ_NW,coal_gas_ccs,3522.7429041956834
AZ_NW,gas_atr_ccs,4424.926581463232
AZ_NW,gas_smr,4424.926581463232
AZ_NW,gas_smr_ccs,4424.926581463232
AZ_PHX,bio_atr_ccs,3279.5779587687716
AZ_PHX,bio_smr,3279.5779587687716
AZ_PHX,bio_smr_ccs,3279.5779587687716
AZ_PHX,biomass_gas,
AZ_PHX,coal_gas,5445.153735715265
AZ_PHX,coal_gas_ccs,5445.153735715265
AZ_PHX,gas_atr_ccs,6632.147050350994
AZ_PHX,gas_smr,6632.147050350994
AZ_PHX,gas_smr_ccs,6632.147050350994
AZ_SE,bio_atr_ccs,3108.5399619364393
AZ_SE,bio_smr,3108.5399619364393
AZ_SE,bio_smr_ccs,3108.5399619364393
AZ_SE,biomass_gas,
AZ_SE,coal_gas,2228.450092003797
AZ_SE,coal_gas_ccs,2228.450092003797
AZ_SE,gas_atr_ccs,4291.514133420472
AZ_SE,gas_smr,4291.514133420472
AZ_SE,gas_smr_ccs,4291.514133420472
CA_IID,bio_atr_ccs,1275.7531227277934
CA_IID,bio_smr,1297.747379053206
CA_IID,bio_smr_ccs,1275.7531227277934
CA_IID,biomass_gas,835.7793147283643
CA_IID,coal_gas,1931.5233768483283
CA_IID,coal_gas_ccs,1904.6724442164236
CA_IID,gas_atr_ccs,2142.8652686427536
CA_IID,gas_smr,2142.8652686427536
CA_IID,gas_smr_ccs,2142.8652686427536
CA_LADWP,bio_atr_ccs,
CA_LADWP,bio_smr,
CA_LADWP,bio_smr_ccs,
CA_LADWP,biomass_gas,
CA_LADWP,coal_gas,
CA_LADWP,coal_gas_ccs,
CA_LADWP,gas_atr_ccs,
CA_LADWP,gas_smr,
CA_LADWP,gas_smr_ccs,
CA_PGE_BAY,bio_atr_ccs,1241.2983959778626
CA_PGE_BAY,bio_smr,1241.2983959778626
CA_PGE_BAY,bio_smr_ccs,1241.2983959778626
CA_PGE_BAY,biomass_gas,
CA_PGE_BAY,coal_gas,
CA_PGE_BAY,coal_gas_ccs,
CA_PGE_BAY,gas_atr_ccs,3516.7764774624743
CA_PGE_BAY,gas_smr,3516.7764774624743
CA_PGE_BAY,gas_smr_ccs,3516.7764774624743
CA_PGE_CEN,bio_atr_ccs,2011.9498271565942
CA_PGE_CEN,bio_smr,2026.7691454211229
CA_PGE_CEN,bio_smr_ccs,2011.9498271565942
CA_PGE_CEN,biomass_gas,1528.8793427120038
CA_PGE_CEN,coal_gas,2352.2827279726043
CA_PGE_CEN,coal_gas_ccs,2352.2827279726043
CA_PGE_CEN,gas_atr_ccs,1850.3952773137444
CA_PGE_CEN,gas_smr,1850.3952773137444
CA_PGE_CEN,gas_smr_ccs,1850.3952773137444
CA_PGE_N,bio_atr_ccs,2748.8442276060023
CA_PGE_N,bio_smr,2824.4404063091024
CA_PGE_N,bio_smr_ccs,2748.8442276060023
CA_PGE_N,biomass_gas,2202.037935103371
CA_PGE_N,coal_gas,2649.087844538758
CA_PGE_N,coal_gas_ccs,2655.433750143038
CA_PGE_N,gas_atr_ccs,2837.62696039004
CA_PGE_N,gas_smr,2837.62696039004
CA_PGE_N,gas_smr_ccs,2837.62696039004
CA_PGE_S,bio_atr_ccs,1556.7271430416722
CA_PGE_S,bio_smr,1556.7271430416722
CA_PGE_S,bio_smr_ccs,1556.7271430416722
CA_PGE_S,biomass_gas,2223.349393875306
CA_PGE_S,coal_gas,1866.6271557542073
CA_PGE_S,coal_gas_ccs,1866.6271557542073
CA_PGE_S,gas_atr_ccs,1483.36359274726
CA_PGE_S,gas_smr,1483.36359274726
CA_PGE_S,gas_smr_ccs,1483.36359274726
CA_SCE_CEN,bio_atr_ccs,2330.84317321525
CA_SCE_CEN,bio_smr,2255.685105154443
CA_SCE_CEN,bio_smr_ccs,2330.84317321525
CA_SCE_CEN,biomass_gas,
CA_SCE_CEN,coal_gas,1786.2945188538072
CA_SCE_CEN,coal_gas_ccs,1786.2945188538072
CA_SCE_CEN,gas_atr_ccs,2490.219803813471
CA_SCE_CEN,gas_smr,2490.219803813471
CA_SCE_CEN,gas_smr_ccs,2490.219803813471
CA_SCE_S,bio_atr_ccs,2371.1861412179014
CA_SCE_S,bio_smr,2371.1861412179014
CA_SCE_S,bio_smr_ccs,2371.1861412179014
CA_SCE_S,biomass_gas,
CA_SCE_S,coal_gas,1001.798694123792
CA_SCE_S,coal_gas_ccs,1001.798694123792
CA_SCE_S,gas_atr_ccs,3044.572137884822
CA_SCE_S,gas_smr,3044.572137884822
CA_SCE_S,gas_smr_ccs,3044.572137884822
CA_SCE_SE,bio_atr_ccs,3337.6088183822485
CA_SCE_SE,bio_smr,3337.6088183822485
CA_SCE_SE,bio_smr_ccs,3337.6088183822485
CA_SCE_SE,biomass_gas,
CA_SCE_SE,coal_gas,2887.703369217439
CA_SCE_SE,coal_gas_ccs,2887.703369217439
CA_SCE_SE,gas_atr_ccs,2133.8479162311123
CA_SCE_SE,gas_smr,2133.8479162311123
CA_SCE_SE,gas_smr_ccs,2133.8479162311123
CA_SCE_VLY,bio_atr_ccs,2147.842722418225
CA_SCE_VLY,bio_smr,2172.946531091777
CA_SCE_VLY,bio_smr_ccs,2147.842722418225
CA_SCE_VLY,biomass_gas,2983.6826305120367
CA_SCE_VLY,coal_gas,6301.814480800404
CA_SCE_VLY,coal_gas_ccs,6301.814480800404
CA_SCE_VLY,gas_atr_ccs,2914.3572536500265
CA_SCE_VLY,gas_smr,2914.3572536500265
CA_SCE_VLY,gas_smr_ccs,2914.3572536500265
CA_SDGE,bio_atr_ccs,3461.5180105666086
CA_SDGE,bio_smr,3461.5180105666086
CA_SDGE,bio_smr_ccs,3461.5180105666086
CA_SDGE,biomass_gas,
CA_SDGE,coal_gas,1987.4118953945047
CA_SDGE,coal_gas_ccs,3452.701921058292
CA_SDGE,gas_atr_ccs,3560.0999362446623
CA_SDGE,gas_smr,3560.0999362446623
CA_SDGE,gas_smr_ccs,3560.0999362446623
CA_SMUD,bio_atr_ccs,904.4623214739687
CA_SMUD,bio_smr,904.4623214739687
CA_SMUD,bio_smr_ccs,904.4623214739687
CA_SMUD,biomass_gas,
CA_SMUD,coal_gas,7740.650642946981
CA_SMUD,coal_gas_ccs,7740.650642946981
CA_SMUD,gas_atr_ccs,7387.481656133116
CA_SMUD,gas_smr,7387.481656133116
CA_SMUD,gas_smr_ccs,7387.481656133116
CO_DEN,bio_atr_ccs,1800.637330068077
CO_DEN,bio_smr,1800.637330068077
CO_DEN,bio_smr_ccs,1800.637330068077
CO_DEN,biomass_gas,
CO_DEN,coal_gas,1910.849661521717
CO_DEN,coal_gas_ccs,1910.849661521717
CO_DEN,gas_atr_ccs,3354.595956840099
CO_DEN,gas_smr,3354.595956840099
CO_DEN,gas_smr_ccs,3354.595956840099
CO_E,bio_atr_ccs,2125.1162572726407
CO_E,bio_smr,2125.1162572726407
CO_E,bio_smr_ccs,2125.1162572726407
CO_E,biomass_gas,
CO_E,coal_gas,2664.4702809957657
CO_E,coal_gas_ccs,2664.4702809957657
CO_E,gas_atr_ccs,4928.958640901063
CO_E,gas_smr,4928.958640901063
CO_E,gas_smr_ccs,4928.958640901063
CO_NW,bio_atr_ccs,1269.0742453239563
CO_NW,bio_smr,1334.7032396696925
CO_NW,bio_smr_ccs,1269.0742453239563
CO_NW,biomass_gas,3262.0572551102587
CO_NW,coal_gas,1511.0012347760728
CO_NW,coal_gas_ccs,1439.1177175319795
CO_NW,gas_atr_ccs,5714.753702923139
CO_NW,gas_smr,5714.753702923139
CO_NW,gas_smr_ccs,5714.753702923139
CO_SW,bio_atr_ccs,1496.7625734230032
CO_SW,bio_smr,1568.872194916973
CO_SW,bio_smr_ccs,1496.7625734230032
CO_SW,biomass_gas,
CO_SW,coal_gas,1763.7565642360778
CO_SW,coal_gas_ccs,1529.5442663097815
CO_SW,gas_atr_ccs,2116.9575151350036
CO_SW,gas_smr,2116.9575151350036
CO_SW,gas_smr_ccs,2116.9575151350036
ID_E,bio_atr_ccs,1510.4802475304648
ID_E,bio_smr,2110.5520684693556
ID_E,bio_smr_ccs,1510.4802475304648
ID_E,biomass_gas,2627.824553206085
ID_E,coal_gas,1588.2786947233362
ID_E,coal_gas_ccs,1594.7096329937515
ID_E,gas_atr_ccs,2375.0899179912144
ID_E,gas_smr,2375.0899179912144
ID_E,gas_smr_ccs,2375.0899179912144
ID_S_OR_E,bio_atr_ccs,3472.610161061663
ID_S_OR_E,bio_smr,2870.4648074285237
ID_S_OR_E,bio_smr_ccs,3472.610161061663
ID_S_OR_E,biomass_gas,3410.6394126912874
ID_S_OR_E,coal_gas,2259.2943422626945
ID_S_OR_E,coal_gas_ccs,2227.2855926952325
ID_S_OR_E,gas_atr_ccs,3931.580083449618
ID_S_OR_E,gas_smr,3931.580083449618
ID_S_OR_E,gas_smr_ccs,3931.580083449618
MT_NE,bio_atr_ccs,3245.5450702224216
MT_NE,bio_smr,3251.1971095504823
MT_NE,bio_smr_ccs,3245.5450702224216
MT_NE,biomass_gas,
MT_NE,coal_gas,2258.192715310264
MT_NE,coal_gas_ccs,2258.192715310264
MT_NE,gas_atr_ccs,3569.7161313190663
MT_NE,gas_smr,3569.7161313190663
MT_NE,gas_smr_ccs,3569.7161313190663
MT_NW,bio_atr_ccs,891.0637750105083
MT_NW,bio_smr,891.0637750105083
MT_NW,bio_smr_ccs,891.0637750105083
MT_NW,biomass_gas,2799.788071460318
MT_NW,coal_gas,3991.5185555172607
MT_NW,coal_gas_ccs,3677.3753773934554
MT_NW,gas_atr_ccs,1242.2717834013404
MT_NW,gas_smr,1242.2717834013404
MT_NW,gas_smr_ccs,1242.2717834013404
MT_SE,bio_atr_ccs,2060.450624086637
MT_SE,bio_smr,2060.450624086637
MT_SE,bio_smr_ccs,2060.450624086637
MT_SE,biomass_gas,
MT_SE,coal_gas,2676.296273115205
MT_SE,coal_gas_ccs,2676.296273115205
MT_SE,gas_atr_ccs,4068.8362121140676
MT_SE,gas_smr,4068.8362121140676
MT_SE,gas_smr_ccs,4068.8362121140676
MT_SW,bio_atr_ccs,1837.081861919027
MT_SW,bio_smr,1931.3435953973913
MT_SW,bio_smr_ccs,1837.081861919027
MT_SW,biomass_gas,
MT_SW,coal_gas,1794.8637224723416
MT_SW,coal_gas_ccs,1665.0151199301547
MT_SW,gas_atr_ccs,2061.247618586235
MT_SW,gas_smr,2061.247618586235
MT_SW,gas_smr_ccs,2061.247618586235
NM_N,bio_atr_ccs,2048.4359163790828
NM_N,bio_smr,2242.8523410459197
NM_N,bio_smr_ccs,2048.4359163790828
NM_N,biomass_gas,
NM_N,coal_gas,6113.034297459259
NM_N,coal_gas_ccs,5446.100988741699
NM_N,gas_atr_ccs,6294.541610838603
NM_N,gas_smr,6294.541610838603
NM_N,gas_smr_ccs,6294.541610838603
NM_S_TX_EPE,bio_atr_ccs,2621.451490429711
NM_S_TX_EPE,bio_smr,2522.8662469591723
NM_S_TX_EPE,bio_smr_ccs,2621.451490429711
NM_S_TX_EPE,biomass_gas,
NM_S_TX_EPE,coal_gas,3311.0686174276448
NM_S_TX_EPE,coal_gas_ccs,3332.8107436899695
NM_S_TX_EPE,gas_atr_ccs,5522.428145613837
NM_S_TX_EPE,gas_smr,5522.428145613837
NM_S_TX_EPE,gas_smr_ccs,5522.428145613837
NV_N,bio_atr_ccs,2338.8375799983155
NV_N,bio_smr,2372.7065202571825
NV_N,bio_smr_ccs,2338.8375799983155
NV_N,biomass_gas,
NV_N,coal_gas,5183.595067997362
NV_N,coal_gas_ccs,4720.483584752725
NV_N,gas_atr_ccs,7917.650457555767
NV_N,gas_smr,7917.650457555767
NV_N,gas_smr_ccs,7917.650457555767
NV_S,bio_atr_ccs,1280.1435078925372
NV_S,bio_smr,1906.7265376183204
NV_S,bio_smr_ccs,1280.1435078925372
NV_S,biomass_gas,
NV_S,coal_gas,1404.4838777360274
NV_S,coal_gas_ccs,1342.8564658180135
NV_S,gas_atr_ccs,1685.4351899783042
NV_S,gas_smr,1685.4351899783042
NV_S,gas_smr_ccs,1685.4351899783042
OR_E,bio_atr_ccs,3314.456741866287
OR_E,bio_smr,3314.456741866287
OR_E,bio_smr_ccs,3314.456741866287
OR_E,biomass_gas,1785.7328011125837
OR_E,coal_gas,2270.847885140313
OR_E,coal_gas_ccs,2251.3295458088983
OR_E,gas_atr_ccs,3134.6176571006795
OR_E,gas_smr,3134.6176571006795
OR_E,gas_smr_ccs,3134.6176571006795
OR_PDX,bio_atr_ccs,9235.222389727911
OR_PDX,bio_smr,9235.222389727911
OR_PDX,bio_smr_ccs,9235.222389727911
OR_PDX,biomass_gas,
OR_PDX,coal_gas,
OR_PDX,coal_gas_ccs,
OR_PDX,gas_atr_ccs,8509.032836666132
OR_PDX,gas_smr,8509.032836666132
OR_PDX,gas_smr_ccs,8509.032836666132
OR_W,bio_atr_ccs,1349.79966787638
OR_W,bio_smr,1372.5824869738449
OR_W,bio_smr_ccs,1349.79966787638
OR_W,biomass_gas,734.5171031356299
OR_W,coal_gas,1800.1386882773847
OR_W,coal_gas_ccs,1971.3184396016582
OR_W,gas_atr_ccs,1355.2807460483762
OR_W,gas_smr,1355.2807460483762
OR_W,gas_smr_ccs,1355.2807460483762
OR_WA_BPA,bio_atr_ccs,945.3796046166358
OR_WA_BPA,bio_smr,945.3796046166358
OR_WA_BPA,bio_smr_ccs,945.3796046166358
OR_WA_BPA,biomass_gas,
OR_WA_BPA,coal_gas,1419.5272974395193
OR_WA_BPA,coal_gas_ccs,1419.5272974395193
OR_WA_BPA,gas_atr_ccs,2345.5790235057293
OR_WA_BPA,gas_smr,2345.5790235057293
OR_WA_BPA,gas_smr_ccs,2345.5790235057293
UT_N,bio_atr_ccs,2389.1158989751148
UT_N,bio_smr,2452.8348372038467
UT_N,bio_smr_ccs,2389.1158989751148
UT_N,biomass_gas,
UT_N,coal_gas,3089.969439029777
UT_N,coal_gas_ccs,3368.674655201884
UT_N,gas_atr_ccs,3620.963035807976
UT_N,gas_smr,3620.963035807976
UT_N,gas_smr_ccs,3620.963035807976
UT_S,bio_atr_ccs,1821.4740908874517
UT_S,bio_smr,1889.7366391193668
UT_S,bio_smr_ccs,1821.4740908874517
UT_S,biomass_gas,5947.3439952227245
UT_S,coal_gas,2356.35916742118
UT_S,coal_gas_ccs,2340.2756089852123
UT_S,gas_atr_ccs,2903.1002712691393
UT_S,gas_smr,2903.1002712691393
UT_S,gas_smr_ccs,2903.1002712691393
WA_ID_AVA,bio_atr_ccs,1542.0257985571884
WA_ID_AVA,bio_smr,1645.2467630434307
WA_ID_AVA,bio_smr_ccs,1542.0257985571884
WA_ID_AVA,biomass_gas,3131.114603022077
WA_ID_AVA,coal_gas,4415.267316835893
WA_ID_AVA,coal_gas_ccs,4415.267316835893
WA_ID_AVA,gas_atr_ccs,7195.829103255864
WA_ID_AVA,gas_smr,7195.829103255864
WA_ID_AVA,gas_smr_ccs,7195.829103255864
WA_N_CEN,bio_atr_ccs,1450.1842008698459
WA_N_CEN,bio_smr,1597.1421712752779
WA_N_CEN,bio_smr_ccs,1450.1842008698459
WA_N_CEN,biomass_gas,
WA_N_CEN,coal_gas,2490.999537748705
WA_N_CEN,coal_gas_ccs,2625.7457680854554
WA_N_CEN,gas_atr_ccs,3635.8605397434912
WA_N_CEN,gas_smr,3635.8605397434912
WA_N_CEN,gas_smr_ccs,3635.8605397434912
WA_SEATAC,bio_atr_ccs,
WA_SEATAC,bio_smr,
WA_SEATAC,bio_smr_ccs,
WA_SEATAC,biomass_gas,
WA_SEATAC,coal_gas,
WA_SEATAC,coal_gas_ccs,
WA_SEATAC,gas_atr_ccs,
WA_SEATAC,gas_smr,
WA_SEATAC,gas_smr_ccs,
WA_W,bio_atr_ccs,2847.112931039495
WA_W,bio_smr,2847.112931039495
WA_W,bio_smr_ccs,2847.112931039495
WA_W,biomass_gas,1721.8363945643764
WA_W,coal_gas,3426.0858239681875
WA_W,coal_gas_ccs,3426.0858239681875
WA_W,gas_atr_ccs,4465.982859452893
WA_W,gas_smr,4465.982859452893
WA_W,gas_smr_ccs,4465.982859452893
WY_NE,bio_atr_ccs,2390.3909742519877
WY_NE,bio_smr,2390.3909742519877
WY_NE,bio_smr_ccs,2390.3909742519877
WY_NE,biomass_gas,
WY_NE,coal_gas,1854.3374803245185
WY_NE,coal_gas_ccs,1720.776459329814
WY_NE,gas_atr_ccs,3413.6474549574577
WY_NE,gas_smr,3413.6474549574577
WY_NE,gas_smr_ccs,3413.6474549574577
WY_NW,bio_atr_ccs,1835.115279283312
WY_NW,bio_smr,1835.115279283312
WY_NW,bio_smr_ccs,1835.115279283312
WY_NW,biomass_gas,
WY_NW,coal_gas,2125.8215126194077
WY_NW,coal_gas_ccs,2125.8215126194077
WY_NW,gas_atr_ccs,3166.3351448873227
WY_NW,gas_smr,3166.3351448873227
WY_NW,gas_smr_ccs,3166.3351448873227
WY_SE,bio_atr_ccs,2947.349048632558
WY_SE,bio_smr,2947.349048632558
WY_SE,bio_smr_ccs,2947.349048632558
WY_SE,biomass_gas,
WY_SE,coal_gas,3021.1052337944147
WY_SE,coal_gas_ccs,3002.622299280082
WY_SE,gas_atr_ccs,4079.7006895063255
WY_SE,gas_smr,4079.7006895063255
WY_SE,gas_smr_ccs,4079.7006895063255
WY_SW,bio_atr_ccs,2085.3882507814965
WY_SW,bio_smr,2085.3882507814965
WY_SW,bio_smr_ccs,2085.3882507814965
WY_SW,biomass_gas,
WY_SW,coal_gas,2540.5783500843904
WY_SW,coal_gas_ccs,2540.5783500843904
WY_SW,gas_atr_ccs,4008.34519786583
WY_SW,gas_smr,4008.34519786583
WY_SW,gas_smr_ccs,4008.34519786583
