scenario,gen_load_zone,Battery_Storage,Bio_Gas_Combustion_Turbine,Bio_Gas_Combustion_Turbine_Cogen,Bio_Gas_Internal_Combustion_Engine,Bio_Gas_Internal_Combustion_Engine_Cogen,Bio_Gas_Steam_Turbine,Bio_Liquid_Steam_Turbine_Cogen,Bio_Solid_Steam_Turbine,Bio_Solid_Steam_Turbine_Cogen,Bio_post_ccs,CCGT,CCGT_Cogen,Central_PV,Coal_IGCC,Coal_Steam_Turbine,Coal_Steam_Turbine_Cogen,Commercial_PV,DistillateFuelOil_Internal_Combustion_Engine,DistillateFuelOil_Internal_Combustion_Engine_Cogen,Gas_Combustion_Turbine,Gas_Combustion_Turbine_Cogen,Gas_Internal_Combustion_Engine,Gas_Internal_Combustion_Engine_Cogen,Gas_Steam_Turbine,Gas_Steam_Turbine_Cogen,Geothermal,IGCC_pre_ccs_90,NGCC_post_ccs_95,Nuclear,Residential_PV,Wind
Bussiness as Usual,AZ_APS_E,6.8545,0.0,0.0,0.0,0.0,0.0,0.0,0.53737,0.0,0.0,443.1,0.0,608.7105,0.37909,2.806,0.0,15.7459,0.0,0.0,0.0,0.0,0.0,0.0,0.0,0.0,0.0,0.22136,1.3291,0.0,6.4145199999999996,240.871
Bussiness as Usual,AZ_APS_N,6.8083,0.0,0.0,0.0,0.0,0.0,0.0,0.0,0.0,0.0,652.05,0.0,1336.3929,0.37703,0.0,0.0,2.5427999999999997,0.0,0.0,0.0,0.0,0.0,0.0,0.0,0.0,0.0,0.20805,1.3539,0.0,1.55464,181.4931
Bussiness as Usual,AZ_APS_SW,7.1937,0.0,0.0,0.0,0.0,0.0,0.0,0.0,0.0,0.0,2051.0060000000003,0.0,19523.4873,0.40432,0.0,0.0,10.3971,0.0,0.0,120.42,0.0,0.0,0.0,0.0,0.0,0.0,0.23341,1.4305,0.46729,8.09765,13.0678
Bussiness as Usual,AZ_NM_N,6.7627,0.0,0.0,0.0,0.0,0.0,0.0,0.0,0.0,0.0,239.461,0.0,649.4021,0.0,0.0,0.0,2.5484,0.0,0.0,0.0,0.0,0.0,0.0,0.0,0.0,0.0,0.0,1.1915,0.0,3.7339,170.3967
Bussiness as Usual,AZ_NW,6.9949,0.0,0.0,0.0,0.0,0.0,0.0,0.0,0.0,0.0,899.5419999999999,0.0,3016.7299000000003,0.0,0.0,0.0,5.4138,0.0,0.0,120.41,0.0,0.0,0.0,0.0,0.0,0.0,0.0,1.0859,0.0,0.67082,72.0891
Bussiness as Usual,AZ_PHX,7.2926,0.0,0.0,0.0,0.0,0.0,0.0,0.0,0.0,0.0,19233.894,9.1469,3665.458,0.3964,0.0,0.0,6.661099999999999,0.0,0.0,518.73,7.745,0.0,0.0,0.0,0.0,0.0,0.20779,1.181,0.0,0.6998,23.5782
Bussiness as Usual,AZ_SE,7.1473,0.0,0.0,0.0,0.0,0.0,0.0,0.0,0.0,0.0,6496.369,14.4184,1140.2155,0.39847,0.0,0.0,0.0,0.0,0.0,1629.476,0.0,0.80042,1.1655,0.0,0.0,0.0,0.20575,1.15,0.0,0.0,746.3555
Bussiness as Usual,CAN_ALB,2180.9,0.0,0.0,0.0,0.0,0.0,0.0,0.0,0.0,0.0,0.0,0.0,12811.285,0.0,0.0,0.0,0.0,0.0,0.0,0.0,0.0,0.0,0.0,0.0,0.0,0.0,0.0,0.0,0.0,3.11484,32604.968
Bussiness as Usual,CAN_BC,2.7815,0.0,0.0,0.0,0.0,0.0,0.0,0.0,0.0,0.0,0.0,0.0,2390.688,0.0,0.0,0.0,0.0,0.0,0.0,0.0,0.0,0.0,0.0,0.0,0.0,735.738,0.0,0.0,0.0,0.0,6520.2488
Bussiness as Usual,CA_IID,6.7744,0.0,0.0,0.0,0.0,0.0,0.0,1.17055,0.0,0.0,2201.6380000000004,0.0,6156.7934000000005,0.0,0.0,0.0,2.7856,0.0,0.0,120.28,0.0,0.0,0.0,0.0,0.0,2615.785,0.0,1.3859,0.0,2.34865,8.93212
Bussiness as Usual,CA_LADWP,7.2065,0.0,0.0,1.1909,0.0,0.0,0.0,0.0,0.0,0.0,170.802,19.2548,0.0,0.0,0.0,0.0,12.6375,0.0,0.0,574.865,42.3302,0.0,0.0,0.0,0.0,0.0,0.0,0.0,0.0,7.19563,0.0
Bussiness as Usual,CA_PGE_BAY,4.8658,5.8719,0.0,2.51053,1.1879,0.0,0.0,0.0,0.0,0.0,7654.2001,361.519,537.6443,0.0,0.0,0.0,0.0,7.88888,0.0,1203.041,3.3779,0.69172,3.24573,0.0,0.0,0.0,0.0,1.3105,0.0,0.0,19.6081
Bussiness as Usual,CA_PGE_CEN,4.9813,0.0,0.0,0.0,2.18,0.0,0.0,3.6314900000000003,3.5397,0.0,5844.9721,0.0,5647.545,0.0,0.0,0.0,12.7396,0.71758,0.78657,1207.795,62.9934,2.1278,0.0,0.0,0.0,0.0,0.0,1.4688,0.0,4.03527,0.0
Bussiness as Usual,CA_PGE_N,4.8329,0.0,0.0,6.85074,0.0,0.0,0.0,6.01829,40.53738,0.0,529.3466999999999,0.0,9819.1087,0.0,0.0,0.0,1.5127,1.2559,0.0,412.045,51.7557,2.90761,2.55283,0.0,0.0,1913.5323,0.0,1.3744,0.0,2.58451,884.4149
Bussiness as Usual,CA_PGE_S,5.6718,0.0,0.0,0.0,0.0,0.0,0.0,0.0,1.563,0.0,2727.755,11.957,5594.4211000000005,0.0,0.0,0.0,22.179100000000002,0.0,0.0,194.7599,68.59,0.0,0.0,0.0,0.0,0.0,0.0,1.5702,0.50075,6.44004,0.0
Bussiness as Usual,CA_SCE_CEN,6.5762,0.0,0.0,0.0,0.91106,0.0,0.0,0.0,0.0,0.0,30081.54,0.0,35859.5874,0.0,0.0,0.0,15.289200000000001,0.9690799999999999,0.0,49.271,16.284,0.87704,2.6708,0.0,0.0,420.666,0.0,1.6636,0.0,9.42513,3086.1541
Bussiness as Usual,CA_SCE_S,7.5392,0.0,0.0,0.0,2.5545,0.92593,0.0,0.0,1.7241,0.0,1347.6999999999998,171.994,2282.3157,0.0,0.0,0.0,0.0,0.68793,0.0,3228.24433,15.129470000000001,0.79199,2.54141,0.0,0.0,0.0,0.0,0.0,0.0,0.0,359.1828
Bussiness as Usual,CA_SCE_SE,6.4838,0.0,0.0,0.0,0.0,0.0,0.0,0.0,0.0,0.0,83.60499999999999,0.0,1869.0820999999999,0.0,0.0,0.0,1.5,0.0,0.0,0.0,0.0,0.0,0.0,0.0,0.0,0.0,0.0,1.2936,0.0,0.0,0.0
Bussiness as Usual,CA_SCE_VLY,5.1586,0.0,0.0,1.0327,0.0,0.0,0.0,1.8464,0.0,0.0,1400.4,0.0,1022.1110000000001,0.0,0.0,0.0,17.1172,0.0,0.0,63.3403,0.0,0.0,0.0,0.0,0.0,0.0,0.0,1.4416,0.0,5.34208,0.0
Bussiness as Usual,CA_SDGE,6.7339,2.9029,0.0,0.0,2.4373,0.0,0.0,0.0,0.0,0.0,10568.76,45.799,51.15,0.0,0.0,0.0,5.7682,1.58779,0.0,1691.145,27.5426,0.84792,0.90334,0.0,0.0,0.0,0.0,1.677,0.0,4.61034,40.5481
Bussiness as Usual,CA_SMUD,4.9309,0.0,0.0,1.0766,0.0,0.0,0.0,0.0,0.0,0.0,3610.308,46.42,48.2138,0.0,0.0,0.0,0.0,0.65017,0.0,43.705,53.641,0.0,0.0,0.0,0.37453,0.0,0.0,1.3472,0.0,0.0,0.0
Bussiness as Usual,CO_DEN,5.5914,0.0,6.817,0.0,1.1813,0.0,0.0,0.0,0.0,0.0,87.1233,0.0,36.6239,0.0,0.0,0.0,5.2285,0.0,0.0,1880.923,0.0,2.0227,0.0,0.0,0.0,0.0,0.0,1.0096,0.0,2.82889,2303.164
Bussiness as Usual,CO_E,5.7376,0.0,0.0,0.0,0.0,0.0,0.0,0.0,0.0,0.0,1269.254,0.0,26.046,0.30425,1.0025,0.0,25.4582,2.65274,0.0,988.794,0.0,0.0,0.0,0.0,0.0,0.0,0.19109,1.0235,0.0,11.67152,1894.6493999999998
Bussiness as Usual,CO_NW,5.8171,0.0,0.0,0.0,0.0,0.0,0.0,0.0,0.0,0.0,45.503,0.0,153.6726,0.30951,0.0,0.0,4.9245,0.0,0.0,0.0,0.0,0.0,0.0,0.0,0.0,0.0,0.19237,1.0418,0.0,4.88084,1720.4954
Bussiness as Usual,CO_SW,6.1847,0.0,0.0,0.0,0.0,0.0,0.0,0.0,0.0,0.0,75.761,0.0,321.1084,0.29257,0.0,0.0,0.0,0.0,0.0,0.0,0.0,0.0,0.0,0.0,0.0,0.32445,0.18336,1.59694,0.0,0.79763,2088.3444
Bussiness as Usual,ID_E,6.1206,0.0,0.0,0.0,0.0,0.0,0.0,0.0,0.0,0.0,613.93,0.0,127.9722,0.31688,0.0,0.0,0.0,0.0,0.0,0.0,5.5396,0.0,0.0,0.0,0.0,194.73250000000002,0.19181,1.0971,0.0,0.0,1931.0379000000003
Bussiness as Usual,ID_S_OR_E,5.785,0.0,0.0,0.0,0.0,0.0,0.0,0.0,6.1402,0.0,2039.9299999999998,0.0,3033.3754,0.32531,0.0,0.0,3.2039,0.0,0.0,440.42600000000004,0.0,0.0,0.0,0.0,0.0,419.7239,0.1802,0.96952,0.0,0.75149,1673.857
Bussiness as Usual,MEX_BAJA,8.5155,0.0,0.0,0.0,0.0,0.0,0.0,0.0,0.0,0.0,0.0,0.0,1286.0416,0.0,0.0,0.0,0.0,0.0,0.0,0.0,0.0,0.0,0.0,0.0,0.0,814.1270000000001,0.0,0.0,0.0,0.0,4.0291
Bussiness as Usual,MT_NE,4.4751,0.0,0.0,0.0,0.0,0.0,0.0,0.0,0.0,0.0,10258.0,0.0,1534.7078999999999,0.43994,0.0,0.0,7.6815,0.0,0.0,0.0,0.0,0.0,0.0,0.0,0.0,0.0,0.2449,1.5466,0.0,0.92637,1888.193
Bussiness as Usual,MT_NW,4.5994,0.0,0.0,0.0,0.0,0.0,0.0,0.0,0.0,0.0,33.361,0.0,323.0703,0.38743,0.0,0.0,0.0,0.0,0.0,0.0,0.0,0.0,0.0,0.0,0.0,0.0,0.22544,1.239,0.0,0.0,446.61039999999997
Bussiness as Usual,MT_SE,4.7774,0.0,0.0,0.0,0.0,0.0,0.0,0.0,0.0,0.0,45.252,0.0,863.0596,0.35683,0.89504,0.6463,1.7612,0.0,0.0,0.0,0.0,0.0,0.0,0.37814,0.0,0.0,0.21317,1.1634,0.0,0.74826,1783.5175
Bussiness as Usual,MT_SW,4.7782,0.0,0.0,0.0,0.0,0.0,0.0,0.0,0.0,0.0,39.091,0.0,1867.145,0.33152,0.0,0.0,0.0,0.0,0.0,200.93,0.0,0.96694,0.0,0.0,0.0,9.9232,0.19841,1.0911,0.0,0.0,2248.342
Bussiness as Usual,NM_N,7.1827,0.0,0.0,0.0,1.9173200000000001,0.0,0.0,0.0,0.0,0.0,1429.1,0.0,497.2001,0.3368,0.0,0.0,12.7857,0.0,0.0,349.997,13.5724,0.0,0.94946,0.0,0.0,0.0,0.20396,1.1695,0.0,9.30648,6540.824
Bussiness as Usual,NM_S_TX_EPE,6.9335,0.0,0.0,0.0,0.0,0.0,0.0,0.0,0.0,0.0,1898.3346000000001,0.0,660.1278,0.30136,0.0,0.0,29.3589,0.0,0.0,927.098,4.5006,0.0,0.0,0.0,0.0,38.634,0.18702,1.117,0.0,9.92383,2439.4049999999997
Bussiness as Usual,NV_N,6.0629,0.0,0.0,0.0,0.0,0.0,0.0,0.0,0.0,0.0,39.5349,0.0,2526.3777,0.31836,0.0,0.0,8.1912,0.0,0.0,0.0,0.0,0.9756,0.0,0.0,0.0,2357.596885,0.18455,0.98316,0.0,6.04013,1129.422
Bussiness as Usual,NV_S,6.7987,0.0,0.0,0.0,0.0,0.0,0.0,0.0,0.0,0.0,6713.3713,0.0,10780.253,0.0,0.0,0.0,0.0,0.0,0.0,904.0340000000001,8.5347,0.0,0.0,0.0,0.0,249.83,0.0,1.0804,0.0,0.0,1220.0902999999998
Bussiness as Usual,OR_E,4.58,0.0,0.0,0.0,0.0,0.0,0.0,0.0,7.3893,0.0,39.771,29.034,3283.61,0.32605,0.0,0.0,3.3132,0.0,0.0,116.68,0.0,0.0,0.0,0.0,0.0,765.4212,0.19736,1.1402,0.0,4.66275,2826.2288
Bussiness as Usual,OR_PDX,4.2319,0.0,0.0,0.0,0.0,0.0,0.0,0.0,0.0,0.0,1089.709,0.0,18.5985,0.0,0.0,0.0,7.4315,0.0,0.0,23.753,0.0,1.90653,0.0,0.0,0.0,44.969,0.0,1.1713,0.0,12.70771,855.3353999999999
Bussiness as Usual,OR_W,4.3388,0.0,0.0,2.95554,0.0,0.0,29.973,3.7672,7.3715,0.0,2901.3,12.5124,3131.3054,0.33703,0.0,0.0,5.8042,0.72502,0.0,0.0,0.0,0.0,0.0,0.0,0.0,299.85699999999997,0.20209,1.1811,0.0,1.79968,2037.1599999999999
Bussiness as Usual,OR_WA_BPA,4.1322,0.0,0.0,0.0,0.0,0.0,0.0,0.0,0.0,0.0,56.7552,10.2188,4934.897,0.36543,0.0,0.0,7.7222,0.0,0.0,0.0,0.0,0.0,1.7764,0.0,0.0,0.0,0.21919,1.2424,0.51355,5.09735,2174.5999
Bussiness as Usual,UT_N,6.2959,0.0,0.0,0.0,0.0,0.0,0.0,0.0,0.0,0.0,4867.6533,0.0,759.1106,0.0,0.0,0.0,8.4124,0.0,0.0,486.1675,59.9015,5.34123,0.82501,0.0,0.0,125.7299,0.0,1.0899,0.0,5.40962,449.5551
Bussiness as Usual,UT_S,6.101,0.0,0.0,0.0,0.0,0.0,0.0,0.0,0.0,0.0,65.235,0.0,3854.6911999999998,0.3117,0.0,0.0,0.0,2.1311400000000003,0.0,79.082,0.0,4.43731,0.0,0.0,0.0,536.2345,0.19054,1.0715,0.0,2.38709,4110.7636
Bussiness as Usual,WA_ID_AVA,4.1759,0.0,0.0,0.0,0.0,0.0,93.748,6.9987,6.1505,0.0,36.528800000000004,0.0,1257.368,0.32697,0.0,0.0,13.761800000000001,1.2197,0.0,6.7613,0.0,1.641,0.0,0.0,0.0,9.9375,0.18436,0.97696,0.0,2.41741,3495.4457
Bussiness as Usual,WA_N_CEN,4.0183,0.0,0.0,0.0,0.0,0.0,0.0,0.0,0.0,0.0,44.778,0.0,7690.8150000000005,0.36789,0.0,0.0,7.8043,0.0,0.0,0.0,0.0,0.0,0.0,0.0,0.0,0.0,0.2126,1.1645,0.0,4.47361,1897.4295000000002
Bussiness as Usual,WA_SEATAC,4.0917,0.0,0.0,0.0,0.0,0.0,0.0,0.0,0.0,0.0,4.9555,0.0,0.0,0.0,0.0,0.0,0.0,0.74107,0.0,0.0,0.0,0.0,0.0,0.0,0.0,0.0,0.0,0.0,0.0,1.9829299999999999,2.4823
Bussiness as Usual,WA_W,4.0901,0.0,0.0,0.0,0.0,0.0,7.4741,0.0,17.954,0.0,5836.63,0.0,21.8946,0.38319,0.0,0.0,0.0,0.0,0.0,116.09,0.0,0.0,0.0,0.0,0.0,0.0,0.22594,1.3037,0.0,0.0,1149.3216
Bussiness as Usual,WY_NE,6.2874,0.0,0.0,0.0,0.0,0.0,0.0,0.0,0.0,0.0,7.6507,0.0,39.4025,0.29896,3.79594,0.0,5.767,0.0,0.0,177.205,0.0,0.0,0.0,0.0,0.0,0.0,0.18999,0.91833,0.0,2.3199,106.2404
Bussiness as Usual,WY_NW,5.6629,0.0,0.0,0.0,0.0,0.0,0.0,0.0,0.0,0.0,63.455,0.0,41.733200000000004,0.31525,0.0,0.0,0.0,0.0,0.0,0.0,0.0,0.91026,0.0,0.0,0.0,0.0,0.19584,1.0436,0.0,0.0,1328.212
Bussiness as Usual,WY_SE,5.4418,0.0,0.0,0.0,0.0,0.0,0.0,0.0,0.0,0.0,51.3016,0.0,44.4511,0.2989,0.0,0.0,3.7477,0.0,0.0,39.431,0.0,0.0,0.0,0.0,0.0,0.0,0.18874,0.99841,0.0,2.9184200000000002,6604.2198
Bussiness as Usual,WY_SW,5.7006,0.0,0.0,0.0,0.0,0.0,0.0,0.0,0.0,0.0,29.705,0.0,72.6999,0.33246,0.0,0.0,8.3467,0.0,0.0,0.0,143.74,0.0,0.0,0.0,0.0,0.0,0.20227,1.1157,0.0,3.83493,1481.519
