LOAD_AREA,prod_tech1,prod_tech2,site_count,potential_MW
CA_SMUD,coal_cc,coal_cc_ccs,0.0,0.0
CA_SMUD,gas_cc,gas_cc_ccs,46.0,43401.0
CA_SDGE,coal_cc,coal_cc_ccs,0.0,0.0
CA_SDGE,gas_cc,gas_cc_ccs,18.0,16983.0
CA_IID,coal_cc,coal_cc_ccs,0.0,0.0
CA_IID,gas_cc,gas_cc_ccs,66.0,62271.0
CA_LADWP,coal_cc,coal_cc_ccs,0.0,0.0
CA_LADWP,gas_cc,gas_cc_ccs,0.0,0.0
NV_S,coal_cc,coal_cc_ccs,0.0,0.0
NV_S,gas_cc,gas_cc_ccs,268.0,252858.0
ID_E,coal_cc,coal_cc_ccs,93.0,65816.0
ID_E,gas_cc,gas_cc_ccs,2560.0,2415360.0
MT_NW,coal_cc,coal_cc_ccs,45.0,31846.0
MT_NW,gas_cc,gas_cc_ccs,828.0,781218.0
MT_SW,coal_cc,coal_cc_ccs,233.0,164894.0
MT_SW,gas_cc,gas_cc_ccs,6779.0,6395986.0
OR_WA_BPA,coal_cc,coal_cc_ccs,362.0,256187.0
OR_WA_BPA,gas_cc,gas_cc_ccs,13577.0,12809899.0
ID_S_OR_E,coal_cc,coal_cc_ccs,385.0,272464.0
ID_S_OR_E,gas_cc,gas_cc_ccs,8768.0,8272608.0
OR_PDX,coal_cc,coal_cc_ccs,0.0,0.0
OR_PDX,gas_cc,gas_cc_ccs,1249.0,1178431.0
OR_W,coal_cc,coal_cc_ccs,196.0,138709.0
OR_W,gas_cc,gas_cc_ccs,4320.0,4075920.0
OR_E,coal_cc,coal_cc_ccs,392.0,277418.0
OR_E,gas_cc,gas_cc_ccs,10253.0,9673705.0
WA_W,coal_cc,coal_cc_ccs,123.0,87047.0
WA_W,gas_cc,gas_cc_ccs,6319.0,5961976.0
WY_SW,coal_cc,coal_cc_ccs,501.0,354557.0
WY_SW,gas_cc,gas_cc_ccs,8990.0,8482065.0
WY_NW,coal_cc,coal_cc_ccs,311.0,220094.0
WY_NW,gas_cc,gas_cc_ccs,7661.0,7228153.0
WY_NE,coal_cc,coal_cc_ccs,587.0,415419.0
WY_NE,gas_cc,gas_cc_ccs,6034.0,5693079.0
CA_SCE_S,coal_cc,coal_cc_ccs,0.0,0.0
CA_SCE_S,gas_cc,gas_cc_ccs,0.0,0.0
AZ_NW,coal_cc,coal_cc_ccs,0.0,0.0
AZ_NW,gas_cc,gas_cc_ccs,962.0,907647.0
AZ_SE,coal_cc,coal_cc_ccs,144.0,101908.0
AZ_SE,gas_cc,gas_cc_ccs,2361.0,2227603.0
AZ_PHX,coal_cc,coal_cc_ccs,9.0,6369.0
AZ_PHX,gas_cc,gas_cc_ccs,1401.0,1321843.0
AZ_NM_N,coal_cc,coal_cc_ccs,0.0,0.0
AZ_NM_N,gas_cc,gas_cc_ccs,608.0,573648.0
UT_S,coal_cc,coal_cc_ccs,357.0,252648.0
UT_S,gas_cc,gas_cc_ccs,3343.0,3154120.0
WA_SEATAC,coal_cc,coal_cc_ccs,0.0,0.0
WA_SEATAC,gas_cc,gas_cc_ccs,0.0,0.0
NM_N,coal_cc,coal_cc_ccs,50.0,35385.0
NM_N,gas_cc,gas_cc_ccs,7471.0,7048888.0
CA_PGE_CEN,coal_cc,coal_cc_ccs,56.0,39631.0
CA_PGE_CEN,gas_cc,gas_cc_ccs,7389.0,6971521.0
CA_PGE_BAY,coal_cc,coal_cc_ccs,0.0,0.0
CA_PGE_BAY,gas_cc,gas_cc_ccs,4.0,3774.0
CA_PGE_S,coal_cc,coal_cc_ccs,0.0,0.0
CA_PGE_S,gas_cc,gas_cc_ccs,2385.0,2250247.0
NV_N,coal_cc,coal_cc_ccs,460.0,325542.0
NV_N,gas_cc,gas_cc_ccs,5371.0,5067538.0
CO_NW,coal_cc,coal_cc_ccs,380.0,268926.0
CO_NW,gas_cc,gas_cc_ccs,6479.0,6112936.0
UT_N,coal_cc,coal_cc_ccs,0.0,0.0
UT_N,gas_cc,gas_cc_ccs,1580.0,1490730.0
MT_NE,coal_cc,coal_cc_ccs,1354.0,958225.0
MT_NE,gas_cc,gas_cc_ccs,29818.0,28133283.0
MT_SE,coal_cc,coal_cc_ccs,477.0,337572.0
MT_SE,gas_cc,gas_cc_ccs,15229.0,14368561.0
CA_PGE_N,coal_cc,coal_cc_ccs,407.0,288033.0
CA_PGE_N,gas_cc,gas_cc_ccs,12285.0,11590897.0
CA_SCE_SE,coal_cc,coal_cc_ccs,19.0,13446.0
CA_SCE_SE,gas_cc,gas_cc_ccs,258.0,243423.0
CA_SCE_VLY,coal_cc,coal_cc_ccs,0.0,0.0
CA_SCE_VLY,gas_cc,gas_cc_ccs,736.0,694416.0
CA_SCE_CEN,coal_cc,coal_cc_ccs,0.0,0.0
CA_SCE_CEN,gas_cc,gas_cc_ccs,324.0,305694.0
AZ_APS_SW,coal_cc,coal_cc_ccs,286.0,202402.0
AZ_APS_SW,gas_cc,gas_cc_ccs,2035.0,1920022.0
NM_S_TX_EPE,coal_cc,coal_cc_ccs,171.0,121016.0
NM_S_TX_EPE,gas_cc,gas_cc_ccs,4784.0,4513704.0
CO_E,coal_cc,coal_cc_ccs,1000.0,707700.0
CO_E,gas_cc,gas_cc_ccs,15243.0,14381770.0
CO_SW,coal_cc,coal_cc_ccs,120.0,84924.0
CO_SW,gas_cc,gas_cc_ccs,4789.0,4518421.0
AZ_APS_N,coal_cc,coal_cc_ccs,5.0,3538.0
AZ_APS_N,gas_cc,gas_cc_ccs,2213.0,2087965.0
AZ_APS_E,coal_cc,coal_cc_ccs,108.0,76431.0
AZ_APS_E,gas_cc,gas_cc_ccs,2256.0,2128536.0
WY_SE,coal_cc,coal_cc_ccs,973.0,688592.0
WY_SE,gas_cc,gas_cc_ccs,18840.0,17775540.0
CO_DEN,coal_cc,coal_cc_ccs,0.0,0.0
CO_DEN,gas_cc,gas_cc_ccs,2328.0,2196468.0
WA_ID_AVA,coal_cc,coal_cc_ccs,480.0,339696.0
WA_ID_AVA,gas_cc,gas_cc_ccs,7866.0,7421571.0
WA_N_CEN,coal_cc,coal_cc_ccs,188.0,133047.0
WA_N_CEN,gas_cc,gas_cc_ccs,1805.0,1703017.0
